count,actual,predicted
4,pending_transfer,transfer_timing
4,card_payment_not_recognised,compromised_card
4,card_delivery_estimate,card_arrival
3,pending_transfer,transfer_not_received_by_recipient
3,get_disposable_virtual_card,getting_virtual_card
3,fiat_currency_support,exchange_via_app
3,declined_transfer,declined_card_payment
3,card_payment_not_recognised,direct_debit_payment_not_recognised
3,card_arrival,card_delivery_estimate
3,balance_not_updated_after_bank_transfer,transfer_timing
2,wrong_amount_of_cash_received,declined_cash_withdrawal
2,why_verify_identity,verify_my_identity
2,visa_or_mastercard,supported_cards_and_currencies
2,virtual_card_not_working,disposable_card_limits
2,virtual_card_not_working,card_not_working
2,verify_my_identity,why_verify_identity
2,transfer_timing,balance_not_updated_after_bank_transfer
2,transfer_not_received_by_recipient,transfer_timing
2,transfer_not_received_by_recipient,failed_transfer
2,transfer_into_account,topping_up_by_card
2,transfer_fee_charged,top_up_by_bank_transfer_charge
2,topping_up_by_card,pending_top_up
2,top_up_reverted,top_up_failed
2,top_up_by_card_charge,supported_cards_and_currencies
2,receiving_money,exchange_via_app
2,pin_blocked,change_pin
2,exchange_via_app,fiat_currency_support
2,exchange_charge,exchange_rate
2,disposable_card_limits,get_disposable_virtual_card
2,direct_debit_payment_not_recognised,extra_charge_on_statement
2,direct_debit_payment_not_recognised,cash_withdrawal_not_recognised
2,declined_transfer,transfer_not_received_by_recipient
2,declined_transfer,failed_transfer
2,declined_card_payment,reverted_card_payment?
2,contactless_not_working,order_physical_card
2,compromised_card,cash_withdrawal_not_recognised
2,compromised_card,card_not_working
2,card_swallowed,cash_withdrawal_not_recognised
2,card_acceptance,supported_cards_and_currencies
2,beneficiary_not_allowed,transfer_into_account
2,beneficiary_not_allowed,failed_transfer
2,balance_not_updated_after_bank_transfer,pending_transfer
2,Refund_not_showing_up,reverted_card_payment?
2,Refund_not_showing_up,request_refund
1,wrong_exchange_rate_for_cash_withdrawal,wrong_amount_of_cash_received
1,wrong_exchange_rate_for_cash_withdrawal,exchange_charge
1,wrong_exchange_rate_for_cash_withdrawal,card_payment_wrong_exchange_rate
1,wrong_amount_of_cash_received,cash_withdrawal_not_recognised
1,wrong_amount_of_cash_received,cash_withdrawal_charge
1,why_verify_identity,unable_to_verify_identity
1,visa_or_mastercard,getting_spare_card
1,virtual_card_not_working,declined_card_payment
1,verify_my_identity,unable_to_verify_identity
1,unable_to_verify_identity,verify_my_identity
1,transfer_not_received_by_recipient,transfer_fee_charged
1,transfer_not_received_by_recipient,beneficiary_not_allowed
1,transfer_not_received_by_recipient,balance_not_updated_after_bank_transfer
1,transfer_into_account,transfer_fee_charged
1,transfer_into_account,supported_cards_and_currencies
1,transfer_into_account,receiving_money
1,transfer_fee_charged,card_payment_fee_charged
1,topping_up_by_card,transfer_into_account
1,topping_up_by_card,top_up_reverted
1,topping_up_by_card,top_up_failed
1,topping_up_by_card,top_up_by_cash_or_cheque
1,top_up_reverted,pending_top_up
1,top_up_reverted,card_payment_not_recognised
1,top_up_reverted,balance_not_updated_after_cheque_or_cash_deposit
1,top_up_failed,top_up_reverted
1,top_up_failed,pending_top_up
1,top_up_failed,declined_card_payment
1,top_up_by_cash_or_cheque,topping_up_by_card
1,top_up_by_cash_or_cheque,declined_cash_withdrawal
1,top_up_by_cash_or_cheque,balance_not_updated_after_cheque_or_cash_deposit
1,top_up_by_bank_transfer_charge,top_up_by_card_charge
1,top_up_by_bank_transfer_charge,beneficiary_not_allowed
1,supported_cards_and_currencies,pending_card_payment
1,supported_cards_and_currencies,getting_spare_card
1,supported_cards_and_currencies,fiat_currency_support
1,reverted_card_payment?,direct_debit_payment_not_recognised
1,reverted_card_payment?,declined_card_payment
1,request_refund,card_payment_wrong_exchange_rate
1,request_refund,cancel_transfer
1,receiving_money,top_up_by_cash_or_cheque
1,pin_blocked,get_physical_card
1,pin_blocked,card_not_working
1,pending_transfer,transfer_fee_charged
1,pending_transfer,pending_card_payment
1,pending_transfer,balance_not_updated_after_bank_transfer
1,pending_top_up,verify_source_of_funds
1,pending_top_up,topping_up_by_card
1,pending_top_up,top_up_reverted
1,pending_top_up,top_up_failed
1,pending_cash_withdrawal,cash_withdrawal_not_recognised
1,pending_cash_withdrawal,cash_withdrawal_charge
1,pending_cash_withdrawal,balance_not_updated_after_cheque_or_cash_deposit
1,pending_card_payment,transfer_not_received_by_recipient
1,pending_card_payment,transaction_charged_twice
1,pending_card_payment,supported_cards_and_currencies
1,pending_card_payment,declined_card_payment
1,order_physical_card,getting_virtual_card
1,order_physical_card,card_payment_fee_charged
1,lost_or_stolen_phone,lost_or_stolen_card
1,lost_or_stolen_phone,cash_withdrawal_not_recognised
1,lost_or_stolen_card,top_up_by_bank_transfer_charge
1,lost_or_stolen_card,cash_withdrawal_not_recognised
1,getting_virtual_card,order_physical_card
1,get_disposable_virtual_card,getting_spare_card
1,get_disposable_virtual_card,disposable_card_limits
1,fiat_currency_support,pending_cash_withdrawal
1,failed_transfer,card_acceptance
1,failed_transfer,beneficiary_not_allowed
1,extra_charge_on_statement,transfer_fee_charged
1,extra_charge_on_statement,reverted_card_payment?
1,extra_charge_on_statement,request_refund
1,exchange_rate,transfer_not_received_by_recipient
1,disposable_card_limits,getting_virtual_card
1,direct_debit_payment_not_recognised,why_verify_identity
1,direct_debit_payment_not_recognised,reverted_card_payment?
1,direct_debit_payment_not_recognised,card_payment_not_recognised
1,declined_transfer,transaction_charged_twice
1,declined_transfer,reverted_card_payment?
1,declined_transfer,card_not_working
1,declined_transfer,beneficiary_not_allowed
1,declined_card_payment,declined_cash_withdrawal
1,contactless_not_working,card_not_working
1,compromised_card,verify_my_identity
1,compromised_card,terminate_account
1,compromised_card,age_limit
1,change_pin,get_physical_card
1,cash_withdrawal_not_recognised,compromised_card
1,cash_withdrawal_charge,wrong_amount_of_cash_received
1,cash_withdrawal_charge,card_payment_fee_charged
1,card_payment_wrong_exchange_rate,transfer_fee_charged
1,card_payment_wrong_exchange_rate,exchange_rate
1,card_payment_not_recognised,reverted_card_payment?
1,card_payment_not_recognised,cash_withdrawal_not_recognised
1,card_payment_fee_charged,transaction_charged_twice
1,card_payment_fee_charged,direct_debit_payment_not_recognised
1,card_payment_fee_charged,cash_withdrawal_charge
1,card_payment_fee_charged,card_payment_not_recognised
1,card_not_working,pin_blocked
1,card_not_working,declined_card_payment
1,card_arrival,lost_or_stolen_card
1,beneficiary_not_allowed,receiving_money
1,beneficiary_not_allowed,exchange_via_app
1,balance_not_updated_after_cheque_or_cash_deposit,declined_cash_withdrawal
1,balance_not_updated_after_cheque_or_cash_deposit,balance_not_updated_after_bank_transfer
1,balance_not_updated_after_bank_transfer,transfer_not_received_by_recipient
1,balance_not_updated_after_bank_transfer,failed_transfer
1,automatic_top_up,topping_up_by_card
1,automatic_top_up,top_up_limits
1,automatic_top_up,lost_or_stolen_card
1,atm_support,declined_cash_withdrawal
1,atm_support,card_acceptance
1,activate_my_card,lost_or_stolen_card
